rule_id,decision_area,governing_field,approved_rule,rationale,enforcement_stage,violation_action
AR-001,shipment_timing,received_quantity,allocation_requires_nonblank_received_quantity,allocation records inventory actually received rather than expected inventory,migration_validation_then_later_aggregate_trigger,reject_allocation_and_report_exception
AR-002,replenishment_timing,approved_quantity,allocation_requires_nonblank_approved_quantity,allocation cannot exceed an unapproved request,migration_validation_then_later_aggregate_trigger,reject_allocation_and_report_exception
AR-003,shipment_ceiling,received_quantity,sum_allocated_by_shipment_must_not_exceed_received_quantity,received quantity is the authoritative physical quantity available to allocate,migration_validation_then_later_aggregate_trigger,reject_change_and_report_exception
AR-004,replenishment_ceiling,approved_quantity,sum_allocated_by_replenishment_must_not_exceed_approved_quantity,approved quantity is the authoritative replenishment authorization,migration_validation_then_later_aggregate_trigger,reject_change_and_report_exception
AR-005,planning_values,ordered_quantity|requested_quantity,planning_values_are_not_allocation_ceilings,ordered and requested quantities describe intent rather than received or authorized quantity,validation_and_documentation,do_not_substitute_planning_value
AR-006,partial_receipt,received_quantity,partial_receipt_may_be_allocated_up_to_received_quantity,physically received inventory remains usable even when the shipment is incomplete,migration_validation_then_later_aggregate_trigger,reject_only_amount_above_received_quantity
AR-007,parent_quantity_change,received_quantity|approved_quantity,parent_change_must_not_leave_existing_allocations_above_new_ceiling,quantity corrections must preserve aggregate integrity or be coordinated with allocation adjustments,later_aggregate_trigger,reject_uncoordinated_parent_change
AR-008,status_independence,delivery_status|replenishment_status,status_does_not_substitute_for_missing_governing_quantity,status labels do not establish a numeric ceiling,validation_and_documentation,reject_allocation_and_report_exception
AR-009,current_data_boundary,shipment_replenishment_allocation,no_current_allocation_rows_may_be_inferred_or_created,no authoritative allocation source exists and candidate relationships are not operational evidence,migration_validation,create_no_allocation_records
